{
  "strict_review_json": "",
  "accepted_report_json": "/root/epfs/new_route_stage1_skymask/raw_adjacent_railing_2760_2860_run/box_growth/guarded_accepted_report.json",
  "strict_filtered_ply": "/root/epfs/new_route_stage1_skymask/raw_adjacent_railing_2760_2860_run/box_growth/guarded_points.ply",
  "output_objects_jsonl": "/root/epfs/new_route_stage1_skymask/raw_adjacent_railing_2760_2860_run/fused/fine_objects.jsonl",
  "output_decisions_jsonl": "/root/epfs/new_route_stage1_skymask/raw_adjacent_railing_2760_2860_run/fused/fine_object_decisions.jsonl",
  "output_ply": "/root/epfs/new_route_stage1_skymask/raw_adjacent_railing_2760_2860_run/fused/fine_object_points.ply",
  "params": {
    "centroid_distance": 0.9,
    "cross_source_centroid_distance": 0.45,
    "bbox_distance": 0.25,
    "color_distance": 45.0
  },
  "candidate_count": 22,
  "fine_object_count": 20,
  "point_count": 3679,
  "merge_count": 2,
  "status_counts": {
    "single_fine_candidate": 18,
    "stable_fine_object": 2
  },
  "top_objects": [
    {
      "fine_object_id": "fine_obj_0009",
      "candidate_ids": [
        400010
      ],
      "candidate_count": 1,
      "point_count": 334,
      "bbox_3d": {
        "min": [
          -10.253595352172852,
          13.607932090759277,
          -4.308296203613281
        ],
        "max": [
          -8.981696128845215,
          15.294242858886719,
          -3.5454609394073486
        ]
      },
      "centroid": [
        -9.569536209106445,
        14.27074146270752,
        -3.9778292179107666
      ],
      "mean_visual_color": [
        152.86227416992188,
        148.38323974609375,
        149.19161987304688
      ],
      "linearity_mean": 0.8518220699565051,
      "planarity_mean": 0.14533914468318407,
      "source_types": {
        "grounded_box_growth": 1
      },
      "source_clusters": {
        "400010": 1
      },
      "status": "single_fine_candidate"
    },
    {
      "fine_object_id": "fine_obj_0017",
      "candidate_ids": [
        400018
      ],
      "candidate_count": 1,
      "point_count": 334,
      "bbox_3d": {
        "min": [
          -9.525848388671875,
          12.225847244262695,
          -5.049589157104492
        ],
        "max": [
          -9.142032623291016,
          14.79799747467041,
          -3.690195083618164
        ]
      },
      "centroid": [
        -9.373753547668457,
        13.776891708374023,
        -4.229028224945068
      ],
      "mean_visual_color": [
        123.61676788330078,
        127.61676788330078,
        131.61976623535156
      ],
      "linearity_mean": 0.9855695713678971,
      "planarity_mean": 0.014389933186075326,
      "source_types": {
        "grounded_box_growth": 1
      },
      "source_clusters": {
        "400018": 1
      },
      "status": "single_fine_candidate"
    },
    {
      "fine_object_id": "fine_obj_0011",
      "candidate_ids": [
        400012
      ],
      "candidate_count": 1,
      "point_count": 297,
      "bbox_3d": {
        "min": [
          -10.742257118225098,
          13.325702667236328,
          -7.201541900634766
        ],
        "max": [
          -10.554946899414062,
          14.754368782043457,
          -5.521829128265381
        ]
      },
      "centroid": [
        -10.666760444641113,
        14.177999496459961,
        -6.324385643005371
      ],
      "mean_visual_color": [
        4.387205600738525,
        4.178451061248779,
        4.27946138381958
      ],
      "linearity_mean": 0.9178589906120131,
      "planarity_mean": 0.08207554203287966,
      "source_types": {
        "grounded_box_growth": 1
      },
      "source_clusters": {
        "400012": 1
      },
      "status": "single_fine_candidate"
    },
    {
      "fine_object_id": "fine_obj_0007",
      "candidate_ids": [
        400007
      ],
      "candidate_count": 1,
      "point_count": 273,
      "bbox_3d": {
        "min": [
          -6.7614850997924805,
          12.359942436218262,
          -4.442293167114258
        ],
        "max": [
          -6.691744804382324,
          12.884549140930176,
          -4.141578197479248
        ]
      },
      "centroid": [
        -6.724265098571777,
        12.611855506896973,
        -4.310670375823975
      ],
      "mean_visual_color": [
        8.560439109802246,
        8.798534393310547,
        8.915750503540039
      ],
      "linearity_mean": 0.9744882293146385,
      "planarity_mean": 0.024692661909041617,
      "source_types": {
        "grounded_box_growth": 1
      },
      "source_clusters": {
        "400007": 1
      },
      "status": "single_fine_candidate"
    },
    {
      "fine_object_id": "fine_obj_0019",
      "candidate_ids": [
        400020
      ],
      "candidate_count": 1,
      "point_count": 226,
      "bbox_3d": {
        "min": [
          -7.254615783691406,
          12.427675247192383,
          -6.406016826629639
        ],
        "max": [
          -6.713160037994385,
          15.870856285095215,
          -5.3858489990234375
        ]
      },
      "centroid": [
        -7.017642021179199,
        14.59029769897461,
        -6.092955112457275
      ],
      "mean_visual_color": [
        8.092920303344727,
        7.8318586349487305,
        7.309734344482422
      ],
      "linearity_mean": 0.9930737462418318,
      "planarity_mean": 0.0017099671619299928,
      "source_types": {
        "grounded_box_growth": 1
      },
      "source_clusters": {
        "400020": 1
      },
      "status": "single_fine_candidate"
    },
    {
      "fine_object_id": "fine_obj_0016",
      "candidate_ids": [
        400017
      ],
      "candidate_count": 1,
      "point_count": 224,
      "bbox_3d": {
        "min": [
          -7.230605125427246,
          15.510442733764648,
          -6.047287940979004
        ],
        "max": [
          -7.09699010848999,
          16.582956314086914,
          -5.838308811187744
        ]
      },
      "centroid": [
        -7.16421365737915,
        16.092039108276367,
        -5.976820945739746
      ],
      "mean_visual_color": [
        37.49553680419922,
        39.03125,
        39.66071319580078
      ],
      "linearity_mean": 0.9853407879845166,
      "planarity_mean": 0.01425429575233604,
      "source_types": {
        "grounded_box_growth": 1
      },
      "source_clusters": {
        "400017": 1
      },
      "status": "single_fine_candidate"
    },
    {
      "fine_object_id": "fine_obj_0005",
      "candidate_ids": [
        400005
      ],
      "candidate_count": 1,
      "point_count": 222,
      "bbox_3d": {
        "min": [
          -6.681612014770508,
          10.523361206054688,
          -4.219758987426758
        ],
        "max": [
          -6.470623016357422,
          12.15612506866455,
          -3.968095064163208
        ]
      },
      "centroid": [
        -6.562255859375,
        11.26882553100586,
        -4.039205074310303
      ],
      "mean_visual_color": [
        41.680179595947266,
        42.61711883544922,
        43.67116928100586
      ],
      "linearity_mean": 0.9942197634017114,
      "planarity_mean": 0.005692747796093689,
      "source_types": {
        "grounded_box_growth": 1
      },
      "source_clusters": {
        "400005": 1
      },
      "status": "single_fine_candidate"
    },
    {
      "fine_object_id": "fine_obj_0012",
      "candidate_ids": [
        400013
      ],
      "candidate_count": 1,
      "point_count": 216,
      "bbox_3d": {
        "min": [
          -10.020553588867188,
          17.231794357299805,
          -6.954412937164307
        ],
        "max": [
          -7.662590026855469,
          17.644973754882812,
          -6.5309600830078125
        ]
      },
      "centroid": [
        -8.44443416595459,
        17.47381019592285,
        -6.761552810668945
      ],
      "mean_visual_color": [
        161.5,
        172.2870330810547,
        180.01388549804688
      ],
      "linearity_mean": 0.9293128873855542,